{
  "project_info": {
    "project_number": "351230193044",
    "project_id": "attendance-2834c",
    "storage_bucket": "attendance-2834c.appspot.com"
  },
  "client": [
    {
      "client_info": {
        "mobilesdk_app_id": "1:351230193044:android:1c39ef51f8a6ae367b7381",
        "android_client_info": {
          "package_name": "com.harry.attendancetracker"
        }
      },
      "oauth_client": [
        {
          "client_id": "351230193044-ga16qc3idbhr5hbr124f21mv3gojdmsr.apps.googleusercontent.com",
          "client_type": 3
        }
      ],
      "api_key": [
        {
          "current_key": "AIzaSyD1BKjOjCEj-CMIM_NS3oYv3xomLa06P-c"
        }
      ],
      "services": {
        "appinvite_service": {
          "other_platform_oauth_client": [
            {
              "client_id": "351230193044-ga16qc3idbhr5hbr124f21mv3gojdmsr.apps.googleusercontent.com",
              "client_type": 3
            }
          ]
        }
      }
    }
  ],
  "configuration_version": "1"
}